Module_code,Module_name,Module_term
k81B75,Elsworth,Merrison
w4EC01,Selig,Westoll
h5AM48,Kiley,Emtage
R52i45,Jonas,Ciciotti
e6G628,Hilliary,Janning
L8db03,Murial,Clevely
566l44,Sybilla,Maciejewski
V6f751,Dominic,Brissenden
20Au02,Fabien,Slograve
38EL32,Frederich,Hillan
A7Db54,Jo-anne,Stickley
632W87,Pooh,Arnoll
45yb78,Chet,Vellender
j2Ku94,Lewiss,Stuckley
84by39,Codie,Heymann
e30852,Patrizius,Port
34Jh40,Hermon,Varfalameev
46Gq81,Joshuah,Crowd
R2bV81,Pauly,McFeat
a9bP88,Karlan,California
H5cK26,Carrissa,Ick
L3Hf65,Godfree,Parade
B4h482,Augusto,Doubleday
e0Uy34,Sheilakathryn,Summerson
D6G778,Chaddie,Blakeway
49tX38,Torrie,Schwant
o0sG36,Barnard,Rupp
66V627,Garwin,Scard
J1Qj08,Pavlov,Struther
H1q145,Carlin,De Courtney
16hB48,Hayley,Ruddiman
h9RR06,Clarey,Hinners
R5qy29,Aharon,Janzen
u2Uw35,Ardenia,Rames
h6Wc68,Stephi,Orrick
v8FU48,Angelique,Oxton
E3tN43,Terrill,Boast
n3bp82,Blake,Deval
48u574,Sharona,Breeton
D7Yf92,Pauly,Farre
16ff66,Fae,Thornthwaite
D8Iv65,Trudie,Janicijevic
i1tz25,Jeni,Climson
w8Gn19,Flossi,Bugs
b7uu16,Wenda,Mityukov
j4j583,Lou,Wharlton
D2bR79,Ardyth,Frostdyke
p7Ic15,Phaedra,Drew
v1Ew01,Tally,Wardlow
G2i063,Stanly,Grigoletti
P4WI16,Luz,Blewmen
W2YK84,Olivette,Brodway
R7ja81,Myca,Rippin
O6QL74,Terza,Colgrave
P7eN39,Carlie,Lewsy
J0n291,Bibby,Hallagan
b6r868,Karlie,Judkins
V8tz61,Eartha,Rugieri
T8CQ54,Rance,Batecok
q93i48,Seka,Kroll
08RJ23,Alberto,O'Haire
k69x02,Marni,Estevez
S7Ah71,Donnie,Maybery
W9rr55,Hy,Clyma
W1en66,Merrily,Weaben
V9xo78,Bernette,Totterdell
F87h58,Rolfe,Orrin
O5Yi65,Dorri,Tippett
33eH09,Mignonne,Ducker
q7kV35,Ingmar,Jantel
63eg26,Lela,Paddy
I1V321,Chalmers,Claydon
r7OD62,Hadlee,Comben
C8F435,Thacher,Cantillion
I55x53,Ambrosi,Lackham
x8c383,Amabel,Ceccoli
S1rE31,Gerty,Geddes
09bM08,Dorie,Mortlock
02Rv05,Stephine,Work
S6Yg49,Sky,Nizet
o4cA01,Andrea,Guichard
14Lq46,Brewster,Brigham
S3ZF31,Nalani,Wayman
E1G302,Emmalynn,Faulconer
U5np43,Sophie,Batte
07DR46,Adrienne,Lindborg
S1Go79,Grace,Flott
C69i39,Vaughn,Duiguid
Q4dx97,Dyanna,Luckwell
a2Lx26,Shellysheldon,Matskevich
d95s49,Dudley,Iacovuzzi
f8dG74,Kalie,Conibear
D8ij29,Morten,Pobjay
V3Ga76,Manda,Brearty
N1fm59,Isabelle,Roston
s62q66,Quintina,Fargher
B4X297,Schuyler,Sabate
O1fs45,Gwenny,McLeish
Q9nY62,Jordain,Kibby
T5oU14,Gonzalo,Henrot
S8qv20,Tod,Behnecke
C6GT84,Sophia,Perrie
z5r315,Shirlee,Adriani
r7Oe46,Hercules,Housin
A5qk28,Rooney,O'Sheils
G47L49,Alastair,Blanket
v21c81,Robbyn,Stredwick
e4Ko32,Kristel,Grzelczyk
m8Tj94,Turner,Toppas
B5S367,Ragnar,Gowanlock
K8w468,Viva,Winning
78k959,Sebastien,Wackett
c2Od49,Torrence,Dinnis
V3wU35,Baxter,Jebb
727201,Joane,Lampet
83be69,Dorry,Wilcocke
n2lU83,Perren,Huff
R0jG29,Iorgo,Duval
h1qc47,Elberta,Havard
C1Jp57,Edi,Slatford
62SO32,Dewain,Quidenham
i9TH15,Maurizia,Bromage
h80C74,Tallie,Casero
j9AB93,Blisse,Kasting
m4TR03,Blanch,Alentyev
k4up65,George,Phizackarley
u02046,Lucien,Van den Velde
Z1RU65,Daryl,Chinery
Z0jr22,Estelle,Cockman
m0Wi78,Zelma,Pobjoy
e1aR98,Angelia,Sterricks
o9IE76,Yvette,Bolle
s1oV96,Roseline,O'Cannavan
54Oo92,Johan,Wallwood
r3uL44,Corri,Broadbear
a3a167,Mignon,Pau
J2Rf60,Kaleb,Smithson
C7LI61,Shoshanna,McKendry
N00231,Oliviero,Booth-Jarvis
L5Bb93,Lindsay,Randall
49GR05,Marin,O'Lynn
T6O789,Georgeanna,Ucceli
383V94,Josefa,Fritschmann
D2F229,Flora,Schorah
A7Ry70,Regine,Grummitt
b7cm18,Stefan,Huggard
W7mo04,Dulcine,Cowoppe
q06t40,Alphonse,Giraudot
v25F92,Scot,Southwick
948k25,Thalia,Shurville
V7dq02,Enrika,Schwandner
f2km43,Rosemonde,McCaffrey
42Wd83,Cacilia,Simmonds
I4O283,Oswell,Gwinn
z8Q084,Nikolas,Bristoe
x4jP77,Muffin,Bignall
h5s099,Arney,Yegorshin
U0Jk43,Salvador,Bradnick
o3uX46,Mic,Gosdin
H8EE57,Kriste,Kesby
F1y304,Norry,Capnor
z0kZ59,Margaretta,Rispin
h0Yz63,Farlie,McDermid
H2dU69,Neils,Klug
u5ao14,Jere,Danson
t2C686,Peyter,Pannett
q61s60,Reynolds,Yacobsohn
B2xZ19,Chrystal,Newcombe
b3Nw64,Crystal,Rodenhurst
00fd02,Stu,Hillburn
S00t07,Ivett,Laverty
F5lB18,Bald,Mahaddy
153368,Evvy,Trobe
11Vt13,Pall,Gayforth
55g588,Jaquelin,Posnette
c8dA14,Alasteir,Ferryman
x7GP37,Hatty,Clemon
58Cz46,Hettie,McAllister
Q9j463,Alyda,Sherreard
A5ck98,Belva,Ashurst
h07W66,Margi,Dudny
M12Q41,Ferrell,Nardoni
n1un13,Stephine,Cyseley
J07L23,Holli,McGinly
169h61,Marie-jeanne,Neve
G1wl78,Nehemiah,Standbridge
w5AO83,Ber,Footer
Q5lR49,Michaelina,Espadero
T8Lf93,Ellwood,Phillis
V7Fr78,Cletis,L'Amie
V01i96,Otes,Corain
99b428,Rani,Horry
S3sw41,Delano,Halwell
d20y17,Ingra,Reuter
g59z96,Lexy,Hunston
P74633,Joye,Parnall
08MF64,Wolfy,Grass
P4yE58,Noach,Peddar
Q8G602,Pinchas,McCarroll
X00H15,Bliss,Kightly
Z1QC31,Barn,Ziems
Z4U186,Devlen,Dunphie
001E94,Nance,Tynewell
g9cq56,Cacilie,Attwoull
k4gq24,Maddie,Brill
v10284,Laurette,Pownall
V3mv45,Cecilius,Ferreres
l1w848,Diannne,Birrel
O4dn30,Jsandye,Bawme
u5VY32,Aaren,Kobelt
W6rC43,Constantina,Grastye
w7UX52,Grange,Durrance
U9yF26,Francklyn,Pattrick
o5gB35,Harbert,Standen
x3ad26,Mikael,Hurnell
h25009,Morganne,Brockton
39QG11,Dorrie,Llewelyn
86GV86,Goober,Rigney
w9zZ35,Livvy,Cattermole
O7Ab26,David,Colerick
k9Wz37,Tybi,Rylett
c7eL40,Coletta,Piatek
p8tp40,Courtenay,Sargeaunt
V2gW47,Kele,Gillogley
779E11,Levey,Keniwell
L2TW77,Freddi,Evered
n8xf95,Sile,Moye
e1CW26,Sonny,MacCarlich
h7C778,Nadia,Baszkiewicz
b4WI26,Ambur,Dykes
f6zb12,Belita,Cornu
Y5QQ35,Maurise,Bollon
N1YH51,Coop,Woofendell
y0Im55,Jakie,Vynehall
o6Dn09,Naomi,Paridge
x1ZK22,Codi,Lathleiff
f2wt97,Gabby,Coronado
95qE05,Brear,Mallabund
e0jQ98,Marleah,Mandre
Q6B877,Misti,Impson
W4Gs85,Julee,Giorgeschi
N9fn83,Mirabel,Orwin
98hu76,Euell,Barlas
E66566,Bobby,Alastair
W24A21,Erminia,Clinch
t2hV03,Herb,Cockett
K6gJ79,Jordon,Tavinor
a4vm42,Franciskus,Gut
w4KO64,Laurice,Canon
30sw98,Cozmo,Noddings
e27V42,Porty,Becks
76Ky84,Cash,Dutnall
C0MN40,Wade,Ventam
O8uH68,Petronella,Trosdall
d8bb55,Matelda,Vesty
u03V29,Stanley,Eaklee
C2vX04,Manon,Anstee
P2im15,Bernette,Abisetti
T7hj33,Venus,Stoyles
i42B10,Rasla,Sewill
Y7ja47,Erek,Rolfi
y7la60,Janette,Antcliff
y6Uq65,Ginger,Gilley
a09T48,Cary,Tortoise
h31C15,Emalia,Fogden
H9Hn28,Garrik,Lindenblatt
05rG31,Laureen,Abbotts
75Ev11,Joyous,Clapshaw
S1WC56,Lyndsay,Ruscoe
T5m572,Hedvige,Lamping
A2Wh15,Arlan,Savoury
K55t15,Marjy,Beadnall
n6XM78,Iolande,McVey
n1u542,Penni,Caslake
e2tH32,Antonin,Gotcliffe
n29i71,Michaeline,Jurisic
d41v82,Verile,Netti
t9Eb06,Haywood,Sharply
d7ka86,Jodie,Crosdill
F3Aa31,Tabitha,Bridge
L7mH66,Melba,Dietz
z7lr79,Jewell,Saunton
z2Zx59,Elmer,Calladine
Z3dE07,Maridel,Goodlett
Q3NM98,Kessiah,Spackman
r5MD60,Montague,Nuscha
r9Yb63,Julissa,Vedenyapin
j1yq50,Gorden,Johnsee
L27S14,Tony,Cristoforetti
m91O92,Gayle,Chadwell
f9d284,Cecilio,Shayler
U1LQ50,Mable,Shakesby
g5ja49,Annabal,Firk
L7Z453,Celine,Hanigan
P98j50,Godfree,Lacotte
Z91y43,Matelda,Ickovic
88Bg23,Ferdy,Gepheart
a8MA23,Maynard,Antonich
z6gj88,Falito,Verillo
z7rM07,Jemmy,Pannaman
I0KZ48,Pasquale,Sharp
97NR30,Abie,Seivwright
19xH96,Nadeen,Escale
y4GT99,Hilton,Rothman
e0ND79,Lurleen,Bouzek
e3lr55,Danit,Ronchetti
N3VE90,Prudy,Tommen
f1mA00,Sophie,Orriss
94CC10,Marcie,Mizzen
L4LX05,Pietra,Connick
J3Td68,Marla,Phizackarley
V2S767,Emalee,Bovey
85RU38,Rutledge,Booy
d1IE04,Meade,Deniscke
E1HH02,Giulia,Tapson
L1in54,Guinna,Goodboddy
h8qp22,Lindsey,Minichillo
93tt25,Hanna,Phateplace
n4gv84,Rebekkah,Stearndale
S0CU44,Mike,Faughny
S1Um86,Rozalie,Eggar
T18f56,Nathanil,Al Hirsi
M0Hk37,Hyacinthie,Grigorini
i39O13,Quentin,Elderfield
Y54U20,Meredeth,Sangra
W1tF55,Kenny,Bagger
325O06,Lev,Andrzejak
F9ez31,Bruce,Lovejoy
b23f71,Elvyn,Carabine
v0oI46,Maurise,Randell
x6sI50,Christan,Phettis
F1js29,Cicily,Gimlet
A5J665,Karlik,Gallihaulk
T3Kn22,Odella,Philpott
b5pB09,Guthry,Pidduck
e0oT65,Barth,Videneev
c2Zt51,Lela,Garrett
67X325,Wilie,Lord
z4Vk42,Amalia,Kochl
B1qD10,Willie,Jaqueme
C3TC08,Pooh,Strippel
E12x97,Alanna,Marden
s4qE23,Lottie,Iacavone
I6YX37,Bonnie,Monery
n25w38,Frank,Riediger
67Z395,Otes,Minucci
g0Ep04,Whitby,Northill
s6i543,Estel,Baldin
f44k10,Garv,Ellsom
626x88,Lammond,Raven
94Hi97,Mallory,Prott
c1RV85,Ulick,Iddison
V5B902,Harmony,Loweth
C8cR97,Gilles,Niesing
b6G043,Katleen,Dene
Z6C178,Elenore,Ryles
C5AO12,Griff,Wraxall
y9gK97,Philipa,Lorincz
J4Qb95,Aubert,Donwell
w8Ac07,Pascale,Rowthorne
c3lf87,Tonye,Garz
H3We23,Rhett,Challenor
E6H973,Ardine,Blackaller
M4lJ29,Sabina,MacVagh
I99c30,Doloritas,Blunderfield
I9NN80,Waylan,Pickless
G2UB23,Nissa,Le Conte
A0CK82,Pet,Middell
o1b890,Tedda,Uc
02Iq07,Elaine,Mishow
Z7Wp48,Charisse,Barnhill
E6Ii37,Montague,Clay
y9hO57,Jeralee,Makeswell
79hY19,Pinchas,Pottiphar
g5G107,Skipton,Bettison
s4xT14,Konstanze,Stopforth
E7LD79,Inez,Hinstock
j3Bk84,Jasun,Anders
X5ow24,Temp,Rawlings
u0Uu15,Deck,Dickons
y3Sc00,Reynard,Nevill
H1Zt66,Krystalle,Di Franceschi
y1wh01,Ilsa,Champneys
C9uT39,Rawley,Banishevitz
W3nF90,Molly,De Minico
W2vJ69,Lynn,Pimmocke
h0E906,Margit,Whapham
E5LL49,Edgar,Melbourn
75Cy69,Jessalin,Klaaasen
i0J251,Howey,Dabbes
T05C27,Catlaina,Varnam
c28K28,Layla,Peyes
L0Ld31,Berkeley,Chew
A9QJ58,Ingmar,Outram
h3R485,Willabella,Baiyle
W3Qc16,Anastasie,Minucci
O21w88,Mitch,Twomey
V8W384,Franky,Giorio
T3aa60,Ianthe,Scutt
b1xf11,Decca,Corday
P7Aw11,Jacklyn,Bellas
T6Lv34,Vanessa,De Beauchemp
95EM58,Sheilah,Melbury
H1gE19,Ofella,Darlaston
O7IN30,Trueman,Ashfield
o6PT77,Arlie,Snoden
e6Fo01,Almeda,Costy
F0VQ46,Blythe,Philippart
E3vp88,Heddi,Falk
R6sb71,Harrietta,Pena
x7aA20,Ginelle,Mateo
f0jh17,Kaylee,Kunc
84lw73,Verge,Folkes
A3cK55,Roderick,Gery
T8wP35,Rosabelle,Charlson
n4Hn92,Bondie,Fairhall
E39H67,Yolane,Lanktree
n90w18,Marguerite,Deam
r4zK53,Carson,Scrowson
09hC94,Arri,Connew
K79d40,Hedvig,Kunze
p3z362,Tremaine,Greenhall
V54w44,Ruddy,Mardle
U3nd45,Barnebas,Bramley
o4H313,Wright,Warcup
N6Kc68,Paddie,Zannini
63JU78,Lucilia,Lye
I6XQ12,Alwyn,Beany
G2IU94,Molli,Baxstare
f3FR59,Aldin,Bergen
13ba57,Felicio,Swatridge
O0Vo01,Briggs,Haskey
i9J671,Jorrie,Bosward
p8Ul55,Ardene,Shambrook
x3ld10,Ruthanne,Kearney
x8Te77,Ulrick,Newis
u7j271,Weber,Cattanach
v3QQ93,Jonah,Lambot
F3Sg23,Luella,Ferens
R1A911,Gussi,Swan
D5qP62,Ave,De Biasio
w5Qj49,Tillie,Woltman
z9a825,Sadye,Triebner
U7er37,Duff,Lyford
Y3yO28,Timothee,Seedull
I91j33,Arturo,Dunsford
23I496,Wendye,Adamthwaite
68vs39,Chrystal,Bigg
I8Jd36,Zoe,Dawidowitsch
J5e559,Hillyer,Blaksland
k1fs30,Leonerd,Gosneye
w59478,Ermentrude,Goggey
B1Dg68,Zedekiah,Baudichon
81Mc19,Michel,Everett
k51Z53,Meir,Carss
u8Mk96,Alicea,Redhills
l73O26,Jere,Cowitz
A6mF62,Alyson,Lothlorien
S04j28,Danette,Farfoot
I8rL89,Gage,Mingame
01Ca91,Chas,Flintoffe
z5em22,Zane,Trollope
97Qd05,Lorain,Sokale
k20L82,Erminie,Connachan
H8Y813,Wilona,Donaldson
Z8EA35,Findlay,Girardini
C3jP07,Lavinia,Beazley
Z4gc97,Nial,Jeans
O6nw47,Arleyne,Zielinski
n05u35,Quinlan,Goakes
63VE67,Hercules,Cogger
X73W57,Clim,Denyagin
59Z281,Weber,Bilborough
z0t401,Gibby,Petersen
O7tC25,Leonie,Klaves
e5vg51,Francklyn,Reaman
l92h98,Elfrida,Vedyaev
s0Db48,Gayle,Latham
27Wf60,Dalis,Kenright
M2Ol86,Gregoire,Renfree
o0Eu30,Milton,Mackness
f3kq96,Rori,Lovett
p4HA67,Ludovico,Bunclark
e8tQ11,Vernon,Crosoer
M7bF96,Irma,Toombes
E6Mj67,Gwenny,Mucci
s2H623,Stepha,Phillipps
t3tP00,Tiffany,Davidovits
s3pQ48,Olly,Rozenzweig
m6nJ85,Guss,Skirving
E4rr66,Donall,Ribeiro
E5sc77,Codee,Rearden
26DP59,Robbie,Mulderrig
O4Hk12,Damaris,Scurrah
02rH72,Ozzie,Coddrington
n0hX75,Mallorie,De Lorenzo
n4CU17,Lotti,Menico
n2Jc76,Ellary,Mille
v6nH93,Edgardo,Scripps
z2Hk92,Margalo,Craw
h1kr08,Layla,Grisedale
M9jP45,Leonanie,Jupp
P8BN61,Bert,Stubbe
a2OD61,Petra,Delaprelle
a9iC66,Romola,Forestel
S3qn43,Chauncey,Ferronel
Y6lx08,Jess,Cassius
86X087,Em,Shewery
d4GL58,Anna-diana,Doyley
o51306,Spenser,Mardell
J8NY93,Giorgi,Krause
H0Xx58,Rosana,Vincent
29gB16,Rivy,Vennard
O3w039,Ashlin,O'Reagan
191e69,Hannie,Elderidge
B2Cz81,Edgard,Leroy
Z5wE93,Alaric,Clemonts
L1NB05,Damon,Trigg
C01B44,Jock,Megson
q9Jo48,Dilan,Bothram
v3Oz73,Janis,Agerskow
j6Zi70,Marion,Gonnely
H16a75,Keir,Mougenel
C84D14,Aprilette,Haney`
h7ov49,Conney,Clemow
R1DI90,Alva,Vipan
n49F65,Berthe,Jendricke
F5bx63,Aloin,Berecloth
Q3f358,Evelin,Moyle
E9NV73,Loria,Ferryman
r0FW08,Ashton,Meiklam
68UV90,Tabina,Dudbridge
R4xg16,Xymenes,Meecher
U8TL19,Roberta,Manders
p8j454,Denyse,Wellan
L6Cm43,Huntington,Haycroft
U2tG93,Herrick,Ismead
84r243,Donn,Iliff
g8dp82,Antonia,Gronav
07TK63,Ronny,Ephson
s6Ag07,Celina,Neumann
m8N456,Adrianne,Chrispin
S5vL39,Roda,Wallbutton
54X279,Bartholemy,Waszczyk
z6vK63,Shermie,Swinford
n7MB92,Giustino,Martinson
k0V210,Berkly,Bayliss
z7gn39,Paddie,Dunseath
14wH60,Leanor,Solesbury
t6h625,Virginie,Lartice
f7y206,Tomas,Washbrook
o7sZ86,Desiree,Reicharz
k5LL24,Eleonora,Gyurkovics
n8L002,Brittani,Dansey
u6SQ63,Randolph,Dilliway
x78E00,Babbette,Vossing
P1WQ47,Lizzie,Coath
D8si58,Evangeline,Dufer
X0oD14,Garald,Pietrowicz
R3Xs55,Christie,Hintze
b61f78,Ephrem,Elt
E9Ox84,Karla,Wase
z9aN94,Hedi,McCobb
k2nr53,Siouxie,Billham
41e645,Megan,Ibbitt
06sm38,Vernice,Lyles
Z68E33,Duke,Stoade
t4IK52,Colette,Cromarty
u18t76,Edgar,Flintoffe
95BX28,Lucie,Cregg
B7KZ67,Carin,Duckham
k6E410,Marissa,Bellham
q4vh71,Farrel,Yoell
P9An07,Julie,Wibrow
a9Pm69,Coraline,Harbison
V1ji97,Mano,Wellstead
p2uD13,Mandy,Linskey
q2q382,Wylma,Codner
59Mn69,Hilde,Stookes
H5f106,Germain,Lamball
t7bb54,Rhonda,McFarlan
t3iy97,Ellene,Charlin
36UW83,Tabbi,Cona
S6GG56,Greg,Winspire
t0Cr23,Moira,Joseph
c6gG40,Holly,Huntress
702G70,Marylou,Naile
O28v06,Gabrila,Caltera
57kx69,Jenny,Plessing
h9zv95,Daron,Capeling
m6qp92,Frazier,Pyer
Z27r71,Karlis,Bachman
X40O12,Bernelle,McCuis
m7Gm57,Karon,Pogosian
J23S39,Mickie,Lathaye
24ql60,Cheri,Pillans
54dz46,Reinaldo,Cuffley
p3hl48,Emmet,Flament
a6IL91,Nanci,Marjoribanks
n4gJ54,Giavani,Haggerwood
J9g716,Tildy,Baudouin
k2Av95,Daune,Harmant
K34741,Dieter,Aphale
24yy61,Mose,Raoux
x8wg40,Penelopa,Yurov
p2rN64,Flori,Gregolotti
J68G00,Augustina,Ledgley
I9JN09,Lexine,Lawton
j8Nn29,Stu,Broggetti
l5fD46,Ainsley,Bleeze
i4U570,Jeremias,Mannagh
F0Cx74,Marcellus,Neaverson
B50s22,Jsandye,Barz
N0rX09,Thorstein,Joul
Y8sa50,Korie,Boddington
J5Dl22,Joseito,McLukie
95vG64,Natalie,Leech
64Zn29,Caye,Breddy
l93688,Ella,Geraudel
V2Pn43,Ezekiel,Ida
z6Ut59,Orrin,Pinel
15Sx41,Catlee,Hully
a4Qf52,Stearne,Goddman
U7WP15,Ali,Tollfree
l7ld35,Brewster,O'Mohun
s6Q554,Lane,Biggin
p1nJ02,Caldwell,Oliphard
O90t05,Olly,Prynne
P4iP36,Randall,Rorke
h2iT90,Maximilian,Battersby
K9ub83,Chet,Lomath
w6QS76,Ellen,Purver
T5YN12,Linnea,Abbitt
R8ug30,Zaria,Tym
767342,Ignatius,Siddon
y3hC55,Teresita,Meus
t1jX01,Andrey,Camili
b7bx77,Correy,McIllroy
X7ic43,Jamaal,Hambridge
g0oo31,Deidre,Eliesco
48bR23,Rozanne,Bottlestone
S8kA05,Theo,Mullally
x5XD41,Ailyn,Swate
09kJ56,Frederich,Muggleton
U0Hp08,Euphemia,Pedder
C5dG66,Beatrisa,Cavill
A7jF60,Raoul,Warlaw
Q7kS72,Gerda,MacGhee
s1WE10,Lesly,Hook
H4lg11,Emeline,Handforth
J4d830,Andrea,Tilbrook
72Zy34,Elayne,Aers
90fe88,Cornelle,McLaren
c9OJ75,Thedric,Proudley
Y5o021,Gram,Lesper
j8Ez01,Rafael,Jedrasik
l4eD79,Rubetta,MacHostie
H9h636,Alonzo,Berryann
S6Dw93,Brose,Porrett
q0LK10,Carrissa,Osan
f5KN07,Flint,Eton
45uu56,Vicky,Avraham
T62f75,Phaidra,Vass
01p335,Carmelita,Stegers
t1O488,Jena,Rattery
53i697,Inessa,Dossett
a7kN33,Barrett,Selway
I93X20,Artus,Olanda
409t76,Felicdad,Berkowitz
k13z77,Percy,Setterfield
m2bc64,Freeman,Cordey
b6RI22,Harriet,Drage
Y5PQ90,Lorianna,Kennea
G7m405,Mira,Witherow
Y58L72,Janifer,Haps
P7GW04,Corella,Sazio
Q4ZS82,Kirstin,Lingner
04S627,Sally,McClaughlin
k7OA11,Iago,Sellan
O03u03,Felicdad,Kildale
T2WY20,Avictor,Sleite
u7Bg84,Miriam,MacNulty
k4rp35,Janene,Tunuy
g5av34,Laura,Babalola
h2Ae23,Aeriel,Barnish
K8I572,Martica,Gunton
X6c684,Gabriello,Lehrahan
Q3eT32,Cathyleen,Josskovitz
92VR48,Wyndham,Lilloe
K0CW42,Sheena,Simcox
J1NR24,Ulrike,Lytle
J74C39,Gavan,McEvilly
q2Sp17,Bill,Bertholin
R7Oc29,Kippie,Flockhart
i4sx18,Maiga,Aloway
95xB67,Kevina,Alfonsetto
56TJ86,Sile,Backs
05yH53,Erhart,O'Carrol
O3xg76,Ilyssa,Casetta
a7Bp23,Bearnard,Kiddie
l7bY36,Tanney,Monaghan
334c47,Betta,Gillings
A4sU91,Bennie,Affuso
w1Eg36,Zarla,Slowgrave
k10377,Uri,Morena
Q9cr43,Therese,Fyfield
C64Y28,Liva,Humpherston
n1Uk64,Luciano,Weatherdon
P8Nu76,Brien,Romi
k6Pl61,Port,Antonacci
R7dt53,Sauncho,Grogona
a3PA74,Townsend,McBeth
02to51,Avril,Adan
F6u702,Myrtice,Toffanelli
72fD44,Cassandre,Vogelein
u42h47,Marjorie,Rawdall
51Rf74,Eli,Tremouille
F0HA04,Constantina,Schulze
52bM69,Ruthanne,MacKean
89Fk67,Rosalynd,Mayworth
71Il78,Correna,Nend
42rW98,Archer,Daines
t15L27,Vanny,Vivyan
Y5OV86,Andrew,Erdely
f9qB86,Otis,Neachell
530i41,Derry,Rustidge
V6jT36,Lazaro,Calverd
Z4h370,Kirsten,Carncross
b1Tf95,Evin,Drabble
X17S35,Kale,Axcel
F8t058,Catherin,Lasseter
M4pA22,Florette,Westcot
s8SU16,Sibeal,Colledge
F5Eg63,Sigismondo,O'Crotty
G49v85,Kessia,Steffens
L4IZ74,Ardith,McCurley
c6Rz81,Rodrigo,Hevey
P6fp98,Fidelia,Bernardeau
N59p45,Jerrold,Hendriksen
H13y02,Velma,Ions
16Gy81,Hedwig,Braddon
96rp11,Corliss,Paliser
g7Ot16,Englebert,Teresi
u05M42,Xylina,Gallier
h8s379,Yanaton,McBeth
v5bm23,Katuscha,Gurdon
a1ll05,Cairistiona,Groarty
W1rZ75,Clement,Damiral
I5oV58,Sylvia,Ogdahl
m0MI64,Nola,Royal
d3hT96,Yoshi,Conklin
E7cN61,Queenie,Crennan
z9wC52,Tory,Gerkens
I7lN61,Bonnee,Lundon
M7KX46,Angelica,Quodling
25tL66,Mercy,Nortcliffe
Q5xk26,Milton,Tetley
70Q457,Domeniga,Oller
T8Vb96,Marcello,Priver
b9Il50,Israel,Minger
n00a54,Dukey,Slora
K2lq21,Odetta,Snewin
n1iU14,Liana,Shaplin
W3Bz56,Sigmund,Komorowski
p2Bz24,Jess,Macbeth
K7p111,Margo,Elsmore
d6Mn00,Faye,Forrest
D5ct15,Laurent,Maliphant
y8gU88,Ebeneser,Balfe
r0pE07,Briana,Tremlett
Y5UL95,Abelard,Wattam
m6kb20,Barnebas,Beyne
B56b77,Bartie,Buard
V8k497,Madelin,Troy
79hN64,Remy,Schottli
u9tZ02,Renault,Lawling
f8vC19,Neron,Wadesworth
M73U33,Rhetta,Lahrs
Z02983,Klaus,Kittoe
88C034,Elihu,Mousby
O8B683,Mitzi,Francie
K70Z80,Lindsey,Gaw
70aV17,Nevins,Prowse
W25633,Riva,Wimlet
T75V55,Brigid,Burnyeat
K6XS61,Lynda,Hearl
X1DQ05,Way,Luckwell
n6c957,Bernardine,Crofthwaite
d3wY72,Debbie,Bursell
B7gv16,Bendick,Cloake
s7rp77,Stormie,Gerrey
Q60G13,Clerkclaude,O'Brallaghan
95xV34,Constancy,Richmond
b18y05,Paxton,Stearn
s6P121,Stacie,Roloff
m5Py70,Margery,Sirmon
57R408,Ricoriki,Mucklo
d9M877,Chloris,Elgood
w8mF36,Holli,Devitt
90RF45,Mikkel,Iron
X7UA67,Marijn,Stoddard
b6n492,Karon,Vogeler
01V229,Pamella,Wayman
C5EX61,Jany,Adame
Y6zX83,Clem,McAllister
V6UA92,Garrick,Raynor
b7SS80,Darelle,Camilli
z2Zl11,Ammamaria,Cowlas
a5fO36,Meyer,Skoof
c6tr31,Bren,Pol
09A913,Jermaine,Rivett
x49e18,Betteanne,Lough
D8wh45,Spike,Shannon
59z493,Sigismondo,Carwardine
r7No80,Bryan,Walburn
05jk01,Carri,Lennie
64TU98,Kaleena,Boland
d7K570,Paulie,Lehon
X5es03,Jacquelin,Littlewood
v1J031,Llywellyn,Laible
A2PB87,Win,Szimon
33sj84,Claude,Aggett
87K555,Marabel,Lynde
q0ff28,Lucine,Langtree
10En23,Meredithe,Dring
g6TZ63,Iormina,Braunle
P3Qy93,Valentine,Yoell
p8C379,Fergus,Dincey
l9Z676,Tyrus,Van der Merwe
Y3Eg31,Almeria,Goolding
H2Kp69,Aldis,Braybrooks
M7Qd51,Patten,Collis
i31i60,Gilbert,Northcote
97jb31,Cody,Checcuzzi
u9ZU98,Pembroke,Northcliffe
Y1FV30,Mendy,Antrum
j1OY99,Karia,Higgen
450g12,Stanleigh,Bewshaw
I1Sl23,Stanleigh,Bourtoumieux
J42b93,Bartlet,Casaccio
p04V52,Birgitta,McJury
X1rv20,Peria,Jann
s9a044,Paige,Noonan
03sT88,Barbra,Hows
40ZG62,Jorgan,Lages
P2k314,Gaylor,Dumingo
d2Nw58,Didi,McElvine
j6Iy75,Shanon,Nottingham
r6oE93,Welsh,Chidlow
I6ik10,Jillene,Delagua
p4Qg14,Theodoric,Hallad
C5KU44,Felisha,Quinnelly
z1Y725,Ariadne,Siddell
f5Om82,Gustav,Sher
93Mw59,Charmian,Maylard
G7tX67,Lauren,Firby
P74U21,Del,Sancroft
e27x42,Meade,Winward
n9F020,Blaire,Sinclar
26ZH90,Alonzo,Gerrens
V4T629,Arlyn,Fakes
v2Gy01,Maryanna,Loutheane
c0wd24,Catie,Stephen
D4lu74,Pasquale,Dungay
q4HO60,Chad,Abramovitch
D8KA55,Broderic,Frankum
j1Gc95,Budd,O'Scandall
V7wd55,Morton,Piper
81UX35,Dora,Gadsby
Z1PI69,Wynne,Tanfield
52pY01,Devin,Wyman
M8c317,Robbert,O'Keefe
y8w957,Crystal,Kiledal
T73q59,Cheryl,Radloff
93Ki01,Arlee,Triggle
k2Tc52,Carlota,Sindell
w1CE81,Rozalie,Feild
M77S88,Fairfax,Jensen
U2NO30,Stormi,Salliere
F8Fb51,Bancroft,Huckerby
I0XG56,Casey,Dobbins
H2QD33,Christa,Hamill
e9kv69,Basil,Culpin
B6L602,Roxy,Ashcroft
U85A03,Markus,Brach
s0MO30,Harcourt,Urridge
h2eq72,Brok,Steynor
32aj67,Krystalle,Velten
m2aP13,Nettie,Helgass
p1Ll09,Andrei,Sorsbie
z1wj67,Harlin,Reagan
Y1ug33,Eudora,MacTavish
J16S53,Teirtza,O'Growgane
t4gx18,Barret,Rogier
T5FI69,Annamarie,Sings
y2Xu43,Erminie,Musterd
T8Eo63,Jarrid,Collymore
29GG05,Claretta,Taffs
V3j592,Loria,Circuitt
91SV16,Elnore,Schneidau
C7mL98,Meara,Madle
Q0E123,Skipper,Camier
m5Dk23,Matias,Sutherby
19de28,Dorita,Grzeskowski
v02g14,Burlie,Kibbey
R5h756,Kriste,Hepher
n8vd63,Buddie,Gieraths
P5Kv37,Lurlene,Larrat
P56U02,Godwin,Cuff
M1TV03,Basia,Langeley
w8bx35,Shana,Brettoner
96Di45,Beitris,Elcom
53hc55,Berty,O'Heaney
j07m99,Dina,Lemonby
56NN31,Rodina,Munsey
f5pi00,Neila,Ladell
j8Gn83,Merrel,Freed
O3XZ24,Meredith,Scrowston
Z77Q63,Chicky,Debney
X5pu87,Lillian,Cornish
z0cS59,Stacy,Aldie
79jn75,Bonni,McIlherran
r49v26,Dominique,Clewer
53Qp99,Shamus,Tarbett
l5JU05,Kelsey,Ancell
o5oi04,Ingaberg,Farlambe
O8KS74,Noah,Wason
l6gb16,Lauren,Pirt
K4oz88,Wadsworth,Lillecrap
U3au39,Melisse,McMillan
F3Id93,Nicoli,Drewitt
Z74V86,Aluino,Stolting
y6DQ25,Tyler,Scawn
T4Mo70,Maritsa,Geindre
46xa81,Chicky,Godlip
k6fS15,Archibaldo,Petrolli
h1vi91,Haroun,Pietruszewicz
W49e03,Rosalynd,Petroulis
r9VZ92,Nealy,Stubs
W8MA04,Cecilla,Bedward
q3Tc32,Cinnamon,McCloughlin
P5e380,Giuseppe,Asbery
O0D739,Halsy,Yacob
d2da76,Loraine,Mitchely
C1EH38,Dean,Allen
i4fz21,Ty,Dunstall
65lx40,Bernadine,Byrkmyr
p7xX02,Paige,Tregenza
h4i254,Nicola,Shevell
L0fn97,Donica,Nasey
R99O71,Lexine,Way
J1m977,Broderick,Borman
J9YY78,Trish,Leas
Y0UP42,Ulrike,Kalkofer
x6M739,Annora,Stoeck
I4EB66,Pam,Aynold
O1pi15,Meris,Camidge
t0OJ92,Larina,Wycherley
Z99j69,Bobbye,Seedull
p2NR97,Rafaellle,Dudding
Y9Sl91,Clare,Branthwaite
I69F60,Ayn,Ishchenko
E3Tf30,Katee,Benza
O00G33,Celinka,Bodycote
03jP10,Brade,Dockerty
y8P484,Adelaida,Scoggans
w2uz74,Konstance,Sheal
H16e73,Betsy,Vasyutichev
a4wS35,Patience,Judkins
Z7xd93,Jody,Hundley
55rb48,Margaret,Surgeoner
48SI00,Vivien,Tomlett
Y6tr63,Kessiah,Montez
b1h055,Kellen,Piris
F7hX31,Lanie,McGaughey
N3lr59,Monika,Playle
f8Kc23,Rori,Chenery
N7rz89,Tiertza,Reisin
60ez34,Gerta,Oswick
F0uM82,Lura,Henzley
g6aD01,Rossie,Klaffs
D2hd73,Dalt,Dealy
m2C469,Omero,Dack
s9cr76,Sloane,Lukacs
M7D822,Cort,Fromant
f87X63,Feliks,Chellingworth
n1rs16,Maje,Elt
F08824,Bay,Huzzay
y1LN72,Emmaline,Pochet
36KN30,Linn,Ofen
I3TO31,Nicky,Dickenson
u4yK80,Norry,Lindhe
d5qX85,Raynell,Taggett
a1FK31,Brand,Kembley
t7b524,Chance,Sigg
67Ms86,Llywellyn,Ingles
36N789,Dasie,Kightly
h7JR86,Ariella,Boothebie
D3Qj51,Maje,Skilbeck
e4pp99,Berkly,Bernholt
